{
    "playerDash": {
        "maxSpeed": 1.7999999523162842,
        "rotaSpeed": 0.009999999776482582
    }
}
