{
    "smokeParticle": {
        "endScale": 0.4000000059604645,
        "randPos": 0.019999999552965164,
        "randVel": 0.019999999552965164,
        "randVelY": 0.0,
        "speed": 0.019999999552965164,
        "startScale": 0.800000011920929
    }
}
